timestamp,window,packages,predicted
1643485112.4405103,None,59,0.0
1643485112.5499341,None,49,16.119268687467073
1643485112.7889872,None,43,32.99100486931151
1643485112.7984836,None,14,42.02669632925473
1643485112.8499804,None,11,33.67741935483871
1643485113.1373992,None,21,23.65294771968854
1643485113.2479594,None,21,19.9432703003337
1643485113.2765663,None,12,19.186874304783093
1643485113.4705508,None,18,16.6440489432703
1643485113.4978766,None,14,16.843159065628473
1643485113.641493,None,4,15.71857619577308
1643485113.696986,None,4,11.269187986651835
1643485113.817015,None,7,7.765294771968855
1643485113.9170334,None,23,6.593993325917686
1643485113.9464188,None,4,12.160177975528365
1643485114.25197,None,24,10.362625139043383
1643485114.4680328,None,4,15.312569521690767
1643485114.4683266,None,10,12.008898776418242
1643485114.4684386,None,8,10.817575083426028
1643485114.6070201,None,16,9.351501668520578
1643485114.7674797,None,30,11.394883203559509
1643485114.895061,None,12,18.487208008898776
1643485115.0059948,None,4,17.695216907675196
1643485115.1494648,None,24,12.976640711902112
1643485115.2779887,None,16,15.835372636262512
1643485115.3198025,None,7,16.06674082313682
1643485115.6824822,None,12,13.101223581757509
1643485115.7955146,None,16,12.233592880978865
1643485115.952032,None,6,13.196885428253616
1643485116.0165248,None,11,10.738598442714126
1643485116.016708,None,5,10.493882091212457
1643485116.3204746,None,12,8.348164627363738
1643485116.6331067,None,20,9.230255839822025
1643485116.8124762,None,18,13.203559510567297
1643485116.835117,None,28,15.797552836484982
1643485117.0964413,None,37,20.93103448275862
1643485117.175562,None,6,27.778642936596217
1643485117.2400944,None,16,21.417130144605117
1643485117.4316666,None,7,18.491657397107897
1643485117.488626,None,14,13.268075639599555
1643485117.5440426,None,8,12.342602892102336
1643485117.687521,None,8,10.497219132369299
1643485117.7734344,None,10,9.35706340378198
1643485117.961096,None,9,9.332591768631811
1643485117.980624,None,10,9.155728587319244
1643485117.9990208,None,4,9.454949944382648
1643485118.015093,None,7,7.559510567296997
1643485118.0445735,None,18,7.005561735261401
1643485118.3194847,None,16,10.747497219132368
1643485118.3691247,None,9,13.35817575083426
1643485118.4811068,None,14,12.54282536151279
1643485118.6640432,None,12,13.010011123470523
1643485118.733595,None,6,12.57285873192436
1643485118.9850922,None,32,10.104560622914349
1643485119.1455872,None,20,17.528364849833146
1643485119.2995672,None,16,19.738598442714128
1643485119.4405456,None,31,19.259176863181313
1643485119.5938115,None,16,23.452725250278085
1643485120.3175106,None,34,21.383759733036708
1643485120.6350684,None,13,25.71301446051168
1643485120.9420838,None,21,21.84872080088988
1643485121.1890414,None,36,21.005561735261402
1643485121.3095927,None,21,25.994438264738598
1643485121.4615924,None,17,25.11012235817575
1643485121.557512,None,14,22.367074527252505
1643485121.828543,None,10,18.733036707452726
1643485122.078636,None,6,14.632925472747498
1643485122.4105675,None,6,10.57174638487208
1643485122.464745,None,16,8.052280311457174
1643485123.085585,None,18,10.332591768631811
1643485123.1865401,None,10,13.506117908787541
1643485123.542589,None,19,13.070077864293658
1643485123.6052823,None,14,15.29032258064516
1643485123.9560661,None,40,15.123470522803116
1643485124.211068,None,13,24.115684093437153
1643485124.3411477,None,22,21.83759733036708
1643485124.9840856,None,15,21.93325917686318
1643485125.467654,None,18,19.193548387096772
1643485125.5046601,None,6,18.11123470522803
1643485125.8455527,None,12,13.43047830923248
1643485126.1495128,None,31,12.03893214682981
1643485126.524556,None,44,18.402669632925473
1643485126.76826,None,20,28.85539488320356
1643485127.06164,None,14,28.131256952169075
1643485127.3071184,None,24,23.399332591768633
1643485127.5931773,None,34,22.36484983314794
1643485127.8940988,None,24,25.907675194660733
1643485128.145158,None,17,25.979977753058954
1643485128.274603,None,18,23.123470522803117
1643485128.504265,None,13,20.680756395995548
1643485128.7171361,None,10,17.165739710789765
1643485128.871616,None,6,13.804226918798665
1643485129.5446758,None,34,10.271412680756395
1643485129.7696474,None,14,18.054505005561737
1643485130.1532989,None,26,17.99332591768632
1643485130.6631002,None,35,21.389321468298107
1643485131.445141,None,38,26.885428253615125
1643485132.5011754,None,27,31.982202447163516
1643485133.129253,None,22,31.410456062291434
1643485134.0877588,None,34,28.09566184649611
1643485134.5689013,None,26,29.383759733036708
1643485135.1711533,None,48,28.152391546162406
1643485135.779265,None,29,35.23025583982202
1643485136.347294,None,21,34.3615127919911
1643485136.7322304,None,24,29.748609566184648
1643485137.240309,None,40,26.625139043381534
1643485137.9927905,None,44,30.47830923248053
1643485138.0777209,None,20,36.01334816462737
1643485138.5488355,None,12,31.696329254727473
1643485138.7613182,None,10,24.06340378197998
1643485139.2793784,None,16,17.085650723025584
1643485139.793675,None,25,14.865406006674082
1643485140.2512643,None,21,17.93103448275862
1643485140.5857034,None,14,19.79310344827586
1643485141.1768937,None,8,18.36040044493882
1643485141.5054476,None,7,14.384872080088988
1643485141.8180811,None,10,10.75417130144605
1643485142.5387251,None,16,9.549499443826473
1643485142.9017289,None,23,11.556173526140157
1643485143.4613512,None,24,16.14238042269188
1643485144.1569176,None,19,20.040044493882093
1643485144.736287,None,12,20.635150166852057
1643485145.4135377,None,18,17.7285873192436
1643485146.8728297,None,24,17.15461624026696
1643485147.5548093,None,10,19.28921023359288
1643485148.2098336,None,13,16.384872080088986
1643485148.4563344,None,12,14.802002224694103
1643485149.0083954,None,14,13.301446051167964
1643485149.3628838,None,22,13.154616240266963
1643485149.7358313,None,16,16.304783092324804
1643485150.313395,None,22,16.867630700778644
1643485150.6779246,None,15,19.013348164627363
1643485151.255852,None,17,17.953281423804228
1643485151.9243724,None,18,17.450500556173523
1643485152.4688935,None,16,17.454949944382648
1643485152.8099244,None,18,16.901001112347053
1643485153.6224935,None,12,17.22135706340378
1643485154.1074748,None,8,15.387096774193548
1643485154.5874083,None,11,12.388209121245827
1643485155.845883,None,11,11.205784204671858
1643485156.6259313,None,18,10.760845383759733
1643485156.7868721,None,12,13.294771968854281
1643485157.6094096,None,20,13.368186874304783
1643485158.5314815,None,12,15.928809788654059
1643485159.234452,None,10,14.964404894327028
1643485159.6599355,None,8,13.07563959955506
1643485160.3410082,None,16,10.791991101223582
1643485161.456565,None,11,12.106785317018911
1643485162.496475,None,11,11.884315906562847
1643485162.8969958,None,33,11.672969966629589
1643485163.6579792,None,28,19.32369299221357
1643485164.0709603,None,16,23.884315906562847
1643485164.2731802,None,4,22.340378197997776
1643485164.8739839,None,8,15.585094549499443
1643485165.427023,None,5,11.253615127919911
1643485165.7134993,None,8,7.725250278086763
1643485166.1726136,None,8,7.076751946607342
1643485166.6475832,None,16,7.310344827586206
1643485167.1664934,None,9,10.560622914349278
1643485167.534507,None,19,10.662958843159066
1643485168.1591835,None,10,13.849833147942157
1643485168.633498,None,14,13.025583982202448
1643485169.1630247,None,6,13.332591768631813
1643485169.934444,None,14,10.660734149054505
1643485171.0870214,None,13,11.335928809788655
1643485171.9409869,None,4,11.9321468298109
1643485172.9891615,None,6,9.272525027808676
1643485174.1095634,None,4,7.64627363737486
1643485174.5291736,None,8,5.846496106785317
1643485175.584718,None,22,6.197997775305895
1643485176.071677,None,16,11.938820912124584
1643485177.0271735,None,28,14.598442714126808
1643485177.71567,None,18,20.269187986651836
1643485178.9057357,None,11,20.591768631813125
1643485180.365328,None,14,17.35706340378198
1643485181.3091016,None,8,15.412680756395995
1643485182.0402899,None,18,12.115684093437151
1643485182.6083543,None,16,13.550611790878754
1643485183.2312505,None,27,14.642936596218021
1643485183.436797,None,7,19.469410456062292
1643485184.2574568,None,24,15.982202447163516
1643485184.8517597,None,16,18.404894327030032
1643485185.5102787,None,28,17.71301446051168
1643485186.149795,None,60,21.39265850945495
1643485186.9473107,None,24,36.023359288097886
1643485187.562848,None,23,34.7174638487208
1643485188.557586,None,19,30.98109010011123
1643485189.3360546,None,14,25.590656284760843
1643485189.846293,None,6,19.917686318131256
1643485190.4060082,None,10,13.608453837597331
1643485191.0373535,None,13,11.012235817575082
1643485191.1463199,None,8,11.053392658509456
1643485191.5013194,None,11,9.963292547274749
1643485192.2659452,None,22,10.24916573971079
1643485192.5974221,None,10,14.502780867630701
1643485193.5090191,None,53,13.704115684093438
1643485193.8598688,None,12,27.949944382647388
1643485194.3419023,None,5,24.8587319243604
1643485194.9718738,None,12,17.814238042269185
1643485195.487368,None,11,13.991101223581756
1643485196.5995026,None,32,11.595105672969966
1643485197.302549,None,24,18.4349276974416
1643485199.011427,None,32,21.89766407119021
1643485199.385935,None,16,26.677419354838708
1643485200.2374365,None,15,23.819799777530587
1643485201.0189142,None,16,20.15016685205784
1643485201.4334137,None,4,17.657397107897662
1643485201.8845103,None,22,12.053392658509454
1643485202.4265573,None,20,14.547274749721911
1643485203.1110141,None,6,16.80756395995551
1643485203.6421587,None,7,13.591768631813125
1643485204.1670291,None,11,10.75417130144605
1643485204.8842254,None,8,10.026696329254728
1643485205.4106336,None,10,8.978865406006674
1643485205.7791467,None,4,9.221357063403783
1643485206.4756606,None,13,7.414905450500556
1643485207.0821748,None,8,9.095661846496107
1643485207.626649,None,16,8.917686318131256
1643485208.5816762,None,11,11.550611790878754
1643485209.363686,None,9,11.862068965517242
1643485210.2717097,None,8,11.00778642936596
1643485211.1022127,None,18,9.729699666295884
1643485212.2797294,None,6,12.371523915461623
1643485212.9772692,None,16,10.527252502780868
1643485213.9679503,None,10,12.334816462736374
1643485214.6812441,None,4,11.729699666295883
1643485215.3192968,None,4,8.89432703003337
1643485216.2247539,None,8,6.547274749721914
1643485217.2902634,None,14,6.4538375973303665
1643485218.100873,None,6,9.07230255839822
1643485219.1438231,None,20,8.558398220244715
1643485219.6879177,None,24,12.769744160177975
1643485220.4579396,None,6,17.548387096774192
1643485221.5763755,None,13,14.487208008898776
1643485222.2139146,None,5,13.57285873192436
1643485222.9489753,None,29,10.011123470522802
1643485223.779896,None,8,16.06896551724138
1643485224.4224439,None,12,14.229143492769746
1643485225.0899105,None,8,13.50166852057842
1643485226.0394473,None,11,11.231368186874304
1643485227.3749247,None,8,10.566184649610678
1643485228.2594745,None,10,9.418242491657397
1643485228.8643956,None,28,9.454949944382648
1643485230.6504936,None,24,16.131256952169075
1643485231.6290896,None,14,20.273637374860954
1643485232.4480793,None,16,19.18909899888765
1643485233.217152,None,9,17.95773081201335
1643485233.7476459,None,10,14.244716351501669
1643485234.824525,None,6,11.868743047830922
1643485236.0931568,None,6,9.170189098998888
1643485237.2946968,None,22,7.479421579532813
1643485237.9762309,None,21,12.322580645161288
1643485238.9322662,None,31,16.361512791991103
1643485239.9707332,None,40,22.740823136818687
1643485240.6177585,None,14,30.367074527252502
1643485241.4002442,None,25,26.1357063403782
1643485242.301756,None,31,25.15016685205784
1643485243.3622565,None,28,26.639599555061178
1643485243.7927568,None,12,27.31590656284761
1643485244.4329236,None,6,22.133481646273637
1643485245.1467955,None,40,15.38820912124583
1643485245.9037774,None,22,22.597330367074527
1643485247.3098288,None,14,23.451612903225808
1643485247.7966106,None,20,20.818687430478306
1643485249.086925,None,20,20.088987764182427
1643485250.0857959,None,14,19.588431590656285
1643485250.935416,None,10,17.414905450500555
1643485252.015864,None,14,14.404894327030032
1643485253.701433,None,15,13.599555061179089
1643485254.3724043,None,11,13.793103448275861
1643485255.4365458,None,12,12.852057842046719
1643485256.0574164,None,18,12.444938820912125
1643485257.2324004,None,10,14.318131256952167
1643485257.6401098,None,40,13.092324805339267
1643485258.795132,None,32,22.67519466073415
1643485259.7274427,None,15,27.812013348164626
1643485260.4691484,None,16,24.69410456062291
1643485261.1395905,None,8,21.11679644048943
1643485262.0272515,None,18,15.285873192436041
1643485262.6626348,None,16,14.885428253615128
1643485264.2216737,None,10,15.054505005561737
1643485265.1244352,None,20,13.431590656284762
1643485265.9738753,None,10,15.57285873192436
1643485267.0410383,None,20,13.859844271412683
1643485268.0290904,None,13,15.850945494994438
1643485269.1585045,None,19,15.119021134593993
1643485269.9510794,None,12,16.480533926585093
1643485270.960972,None,12,15.081201334816463
1643485271.8084555,None,22,13.75750834260289
1643485272.7965133,None,20,16.382647385984427
1643485273.858589,None,43,18.125695216907673
1643485274.7010345,None,41,27.616240266963292
1643485275.968041,None,36,34.36484983314794
1643485277.2715604,None,29,36.7007786429366
1643485278.2475278,None,8,34.56729699666296
1643485279.112539,None,42,24.451612903225804
1643485279.8270857,None,19,28.557285873192434
1643485280.7948072,None,20,25.395995550611794
1643485282.078596,None,12,23.292547274749722
1643485283.5106833,None,10,18.768631813125694
1643485284.8066487,None,30,14.560622914349278
1643485285.5951555,None,10,19.087875417130142
1643485286.4446993,None,19,16.590656284760847
1643485287.4766479,None,24,17.37041156840934
1643485288.0456705,None,20,19.761957730812014
1643485289.0432208,None,18,20.27808676307008
1643485290.06416,None,8,19.701890989988875
1643485290.9378314,None,47,15.385984427141269
1643485291.4462016,None,18,25.85428253615128
1643485292.380313,None,26,24.807563959955505
1643485293.356908,None,11,25.699666295884313
1643485294.350316,None,14,20.449388209121242
1643485295.465225,None,8,16.96996662958843
1643485296.035858,None,8,12.755283648498333
1643485296.9284635,None,12,10.157953281423804
1643485297.626302,None,6,10.242491657397107
1643485298.4988825,None,15,8.697441601779754
1643485299.057313,None,18,10.75639599555061
1643485299.869764,None,14,13.706340378197996
1643485300.6289766,None,21,14.50055617352614
1643485301.4243674,None,24,17.14571746384872
1643485302.5970056,None,23,20.095661846496107
1643485303.2194586,None,22,21.78754171301446
1643485304.2423954,None,23,22.311457174638488
1643485305.0358853,None,15,22.682981090100114
1643485305.928481,None,41,19.938820912124584
1643485306.1639206,None,18,26.989988876529473
1643485306.9729295,None,42,24.96885428253615
1643485307.6018813,None,4,31.143492769744157
1643485308.4396648,None,16,22.39265850945495
1643485309.0414057,None,12,18.630700778642936
1643485309.4719284,None,14,14.964404894327028
1643485309.8839867,None,4,13.755283648498331
1643485310.4389467,None,13,10.017797552836484
1643485311.6221924,None,8,10.447163515016685
1643485312.3214574,None,4,9.479421579532815
1643485312.7319403,None,25,7.381535038932147
1643485313.3716657,None,9,13.325917686318132
1643485314.2016249,None,4,12.809788654060066
1643485314.9290285,None,7,9.889877641824247
1643485315.675721,None,15,8.206896551724139
1643485316.2414794,None,9,10.066740823136819
1643485316.7325163,None,6,9.989988876529477
1643485317.1350918,None,2,8.75305895439377
1643485318.1840591,None,16,6.082313681868743
1643485318.6945157,None,15,9.008898776418242
1643485319.1381001,None,6,11.596218020022246
1643485319.7870436,None,25,10.32146829810901
1643485320.0890672,None,4,15.517241379310345
1643485320.5550818,None,10,12.197997775305895
1643485321.0990486,None,32,11.001112347052281
1643485321.9403548,None,14,18.123470522803114
1643485322.5343916,None,4,17.9265850945495
1643485323.0918784,None,12,13.327030033370411
1643485324.1572304,None,9,11.888765294771968
1643485324.7178257,None,34,10.173526140155728
1643485325.3578093,None,10,18.404894327030036
1643485326.058578,None,26,17.03003337041157
1643485326.977122,None,7,20.50500556173526
1643485327.9126437,None,19,16.10456062291435
1643485328.542579,None,16,16.341490545050053
1643485329.0021307,None,13,16.0
1643485329.6172566,None,14,14.918798665183537
1643485330.2546165,None,18,14.433815350389322
1643485330.670423,None,18,15.56952169076752
1643485330.8571718,None,6,16.63737486095662
1643485331.7202878,None,26,13.096774193548388
1643485332.8412657,None,16,17.11790878754171
1643485333.7891996,None,8,17.25695216907675
1643485335.064645,None,27,14.195773081201335
1643485335.8516693,None,22,18.240266963292548
1643485336.4466934,None,19,20.14238042269188
1643485337.7012463,None,19,20.340378197997776
1643485338.8373036,None,13,20.017797552836484
1643485339.3528666,None,28,17.343715239154616
1643485340.0532768,None,15,20.586206896551722
1643485344.6452324,None,18,19.076751946607338
1643485346.5642521,None,6,18.639599555061178
1643485347.7112744,None,14,13.914349276974416
1643485348.1908123,None,10,12.95995550611791
1643485349.1036553,None,22,11.46829810901001
1643485350.1690826,None,9,15.020022246941046
1643485351.195629,None,6,13.555061179087875
1643485351.6637456,None,14,10.771968854282536
1643485352.098006,None,8,11.263626251390434
1643485353.2481072,None,14,9.979977753058954
1643485354.241126,None,6,11.274749721913237
1643485355.1372313,None,4,9.620689655172413
1643485355.6690793,None,7,7.3481646273637375
1643485356.5071104,None,25,6.671857619577308
1643485357.840956,None,28,13.025583982202448
1643485358.5655649,None,2,19.67964404894327
1643485359.4735472,None,10,15.003337041156842
1643485360.2595263,None,24,12.56952169076752
1643485361.4000757,None,23,15.729699666295884
1643485362.2971263,None,21,18.77308120133482
1643485363.033567,None,16,20.50500556173526
1643485363.9004762,None,8,19.42602892102336
1643485364.4964554,None,4,15.052280311457174
1643485365.0945034,None,22,10.051167964404893
1643485365.8291612,None,17,13.162402669632925
1643485366.855618,None,21,14.986651835372637
1643485367.5546045,None,10,17.835372636262512
1643485368.4092476,None,21,15.695216907675196
1643485369.1811976,None,10,17.234705228031146
1643485369.8355458,None,7,14.705228031145719
1643485370.6805446,None,18,11.527252502780868
1643485371.372105,None,3,13.14460511679644
1643485372.431889,None,28,9.646273637374861
1643485373.421265,None,8,15.74749721913237
1643485374.9178078,None,22,13.984427141268077
1643485376.316125,None,10,16.877641824249164
1643485377.3842473,None,6,14.81646273637375
1643485378.0787373,None,8,11.32258064516129
1643485379.009035,None,16,9.312569521690767
1643485380.4482458,None,16,11.150166852057842
1643485382.380106,None,22,13.230255839822025
1643485383.0116181,None,8,16.994438264738598
1643485384.4261315,None,16,14.596218020022247
1643485385.123693,None,7,14.75417130144605
1643485386.3267698,None,10,11.755283648498331
1643485386.8191483,None,21,10.533926585094548
1643485387.6476984,None,13,13.964404894327028
1643485388.574405,None,11,14.273637374860957
1643485389.61126,None,12,13.39710789766407
1643485390.871236,None,8,12.706340378197996
1643485391.7213693,None,8,10.747497219132368
1643485392.5602987,None,4,9.340378197997776
1643485393.1860142,None,15,7.086763070077864
1643485394.2355614,None,20,9.47163515016685
1643485395.3788257,None,13,13.648498331479422
1643485396.1523476,None,12,14.407119021134594
1643485396.819418,None,12,13.913236929922135
1643485397.2718248,None,6,13.056729699666295
1643485399.2834296,None,14,10.221357063403781
1643485400.166875,None,4,10.996662958843158
1643485400.8984277,None,24,8.521690767519466
1643485401.5545363,None,9,13.721913236929922
1643485402.3010893,None,22,12.921023359288098
1643485403.0541148,None,13,16.338153503893214
1643485403.7258942,None,46,15.708565072302559
1643485404.2730029,None,5,26.61179087875417
1643485405.6239278,None,17,20.85650723025584
1643485406.0694733,None,5,18.92436040044494
1643485406.7919466,None,23,13.07007786429366
1643485407.4794455,None,32,15.302558398220246
1643485408.015967,None,9,21.566184649610676
1643485408.9921792,None,37,18.555061179087875
1643485410.31956,None,18,25.008898776418242
1643485411.4015348,None,22,23.40044493882091
1643485412.3980474,None,30,22.839822024471633
1643485413.6790617,None,22,25.205784204671858
1643485414.890532,None,15,24.43047830923248
1643485416.1879168,None,20,21.02892102335929
1643485416.8411212,None,18,19.955506117908786
1643485419.221301,None,9,18.82313681868743
1643485423.2071471,None,17,15.056729699666295
1643485424.019234,None,18,15.058954393770856
1643485425.0321264,None,8,15.947719688542826
1643485426.247815,None,35,13.305895439377087
1643485426.6686256,None,8,20.7230255839822
1643485427.6892853,None,8,17.416017797552836
1643485429.005177,None,19,13.789766407119021
1643485430.9392502,None,22,14.723025583982203
1643485431.9622176,None,14,17.25027808676307
1643485433.3772528,None,12,16.71968854282536
1643485434.765318,None,11,15.147942157953281
1643485436.7674532,None,18,13.252502780867632
1643485438.1594253,None,26,14.434927697441601
1643485439.6394346,None,20,18.769744160177975
1643485441.306451,None,26,20.200222469410456
1643485442.3614407,None,10,22.818687430478306
1643485443.4970858,None,23,18.68186874304783
1643485444.4164436,None,20,19.46829810901001
1643485445.7240024,None,12,19.53281423804227
1643485446.5225327,None,8,16.916573971078975
1643485447.6576161,None,20,13.272525027808676
1643485448.637494,None,11,14.838709677419354
1643485449.524027,None,14,13.56952169076752
1643485450.412075,None,14,13.666295884315906
1643485451.261114,None,12,13.788654060066742
1643485452.244098,None,13,13.145717463848719
1643485453.3191888,None,8,12.972191323692993
1643485453.8973224,None,6,11.120133481646274
1643485454.779501,None,12,8.914349276974416
1643485455.6276393,None,9,9.508342602892101
1643485456.946128,None,12,9.350389321468297
1643485457.951634,None,8,10.370411568409343
1643485459.1936357,None,23,9.735261401557285
1643485460.2316535,None,18,14.4293659621802
1643485461.732164,None,18,16.5650723025584
1643485462.6621618,None,10,17.74972191323693
1643485463.816718,None,20,15.250278086763071
1643485465.0415156,None,10,16.4293659621802
1643485466.2151446,None,13,14.14349276974416
1643485467.0307198,None,14,13.394883203559509
1643485467.9407804,None,10,13.38820912124583
1643485468.7707446,None,12,12.1357063403782
1643485469.8395624,None,30,11.877641824249165
1643485471.2222722,None,27,18.309232480533925
1643485472.3422885,None,30,22.68409343715239
1643485473.4193232,None,18,26.54060066740823
1643485474.3848464,None,29,24.36262513904338
1643485475.078341,None,11,25.635150166852057
1643485476.2078195,None,14,20.349276974416018
1643485477.2752674,None,29,17.10901001112347
1643485479.268712,None,13,20.52947719688543
1643485480.175315,None,15,18.367074527252505
1643485481.3118737,None,12,17.046718576195772
1643485482.5213752,None,4,14.8642936596218
1643485483.2966082,None,13,10.39599555061179
1643485484.382451,None,21,10.385984427141267
1643485485.3649828,None,10,14.047830923248053
1643485487.0340006,None,14,13.398220244716352
1643485487.9404657,None,4,13.755283648498331
1643485489.1924617,None,12,10.206896551724137
1643485489.9980478,None,10,10.103448275862068
1643485491.4435313,None,26,9.86095661846496
1643485493.3229918,None,28,15.699666295884315
1643485493.7160442,None,2,21.314794215795327
1643485495.3970659,None,28,15.759733036707452
1643485496.4251628,None,12,19.301446051167964
1643485497.2816472,None,14,16.86095661846496
1643485498.4071808,None,16,15.535038932146831
1643485499.4052098,None,10,15.399332591768633
1643485500.0340636,None,10,13.359288097886541
1643485500.6645772,None,6,11.768631813125694
1643485501.1955774,None,10,9.303670745272525
1643485502.1500845,None,14,9.021134593993326
1643485503.6096616,None,10,10.674082313681868
1643485504.3692603,None,19,10.800889877641824
1643485504.9932642,None,5,13.911012235817577
1643485506.3778155,None,22,11.27919911012236
1643485507.2312036,None,6,14.758620689655173
1643485508.1892703,None,12,12.084538375973304
1643485509.011711,None,16,11.721913236929922
1643485510.2862165,None,20,13.046718576195772
1643485511.182695,None,15,15.778642936596219
1643485511.9733546,None,4,16.140155728587317
1643485512.6378314,None,22,11.986651835372635
1643485513.8664346,None,9,14.736373748609566
1643485514.6067736,None,19,12.909899888765295
1643485515.462212,None,12,14.967741935483872
1643485516.1117928,None,13,14.25250278086763
1643485516.5597348,None,6,13.75083426028921
1643485517.6323092,None,12,10.794215795328142
1643485518.4597201,None,10,10.61512791991101
1643485519.08882,None,7,10.21690767519466
1643485519.3843124,None,8,9.03003337041157
1643485519.73076,None,4,8.46162402669633
1643485520.2754145,None,9,6.680756395995551
1643485520.6363292,None,12,7.147942157953281
1643485521.675861,None,16,8.918798665183537
1643485523.0249524,None,17,11.878754171301445
1643485523.583851,None,11,14.413793103448276
1643485524.431866,None,20,13.797552836484984
1643485525.085513,None,12,15.96774193548387
1643485525.6188474,None,14,14.836484983314794
1643485526.3333788,None,25,14.411568409343714
1643485527.2133234,None,14,18.081201334816463
1643485527.8673925,None,16,17.28698553948832
1643485528.5485694,None,35,16.88987764182425
1643485529.4204514,None,6,23.25917686318131
1643485529.8230324,None,6,18.191323692992214
1643485530.1734269,None,30,13.180200222469411
1643485530.5578992,None,22,17.93103448275862
1643485531.1090136,None,4,19.997775305895438
1643485531.6574352,None,7,15.051167964404895
1643485532.5674133,None,8,11.36596218020022
1643485533.4660063,None,14,9.023359288097886
1643485533.952475,None,6,10.151279199110123
1643485534.5716958,None,12,8.925472747497219
1643485535.007954,None,4,9.986651835372635
1643485535.6544962,None,19,7.954393770856507
1643485535.837035,None,4,11.563959955506117
1643485536.344456,None,19,9.42825361512792
1643485536.8974714,None,10,12.687430478309231
1643485537.557037,None,18,12.213570634037822
1643485538.1570299,None,7,14.351501668520578
1643485538.4700851,None,11,12.07230255839822
1643485538.5390565,None,12,11.328142380422692
1643485538.776524,None,8,11.271412680756395
1643485539.1662,None,4,10.046718576195772
1643485539.938997,None,2,7.68186874304783
1643485540.1095042,None,15,5.1312569521690765
1643485540.2865107,None,4,8.070077864293658
1643485540.7729163,None,8,7.0812013348164635
1643485541.0911348,None,6,7.46607341490545
1643485541.2760105,None,8,6.956618464961068
1643485541.7400348,None,9,7.199110122358176
1643485542.5756054,None,6,7.865406006674082
1643485543.6260288,None,8,7.35706340378198
1643485544.915103,None,16,7.532814238042269
1643485545.2280674,None,5,10.571746384872078
1643485545.7451665,None,8,9.154616240266963
1643485546.7831311,None,9,8.639599555061178
1643485547.409131,None,10,8.549499443826473
1643485547.8600502,None,16,8.987764182424918
1643485548.4319873,None,12,11.628476084538377
1643485548.637512,None,6,12.32814238042269
1643485549.2880182,None,10,10.315906562847609
1643485549.7525852,None,8,9.794215795328142
1643485550.2680779,None,7,8.878754171301447
1643485550.867587,None,8,8.017797552836484
1643485551.0039794,None,6,7.855394883203559
1643485551.2950046,None,8,7.134593993325918
1643485552.0005481,None,6,7.310344827586206
1643485552.8986964,None,11,6.8453837597330365
1643485553.1615298,None,13,8.274749721913237
1643485553.307035,None,6,10.235817575083427
1643485553.6666465,None,5,9.170189098998886
1643485554.2027564,None,18,7.552836484983315
1643485554.648323,None,10,10.892102335928808
1643485555.6670148,None,5,11.106785317018911
1643485556.2142801,None,8,9.182424916573972
1643485556.5622764,None,4,8.389321468298109
1643485556.9392679,None,10,6.474972191323693
1643485557.2283378,None,4,7.341490545050055
1643485557.3907726,None,4,6.269187986651835
1643485557.892836,None,10,5.340378197997776
1643485558.240948,None,5,6.7853170189098995
1643485559.1088498,None,12,6.362625139043383
1643485559.304968,None,8,8.418242491657397
1643485559.9278216,None,8,8.64516129032258
1643485560.0867975,None,4,8.545050055617352
1643485560.3189564,None,5,6.869855394883204
1643485560.8398545,None,8,5.834260289210233
1643485561.07335,None,5,6.3203559510567295
1643485561.4998267,None,4,5.917686318131256
1643485561.7928348,None,4,5.2235817575083425
1643485562.228484,None,4,4.634037819799778
1643485562.7498822,None,5,4.239154616240267
1643485562.9928856,None,4,4.416017797552836
1643485563.324318,None,6,4.305895439377085
1643485563.9328723,None,6,4.921023359288098
1643485564.2289236,None,6,5.4215795328142375
1643485564.9660122,None,10,5.755283648498331
1643485565.3478625,None,7,7.369299221357063
1643485565.4938285,None,10,7.550611790878754
1643485565.8354194,None,4,8.542825361512792
1643485566.3078842,None,4,7.0812013348164635
1643485566.4250486,None,8,5.71301446051168
1643485566.5971127,None,4,6.175750834260288
1643485566.7844503,None,9,5.418242491657397
1643485567.0749233,None,15,6.636262513904338
1643485567.2129905,None,6,9.866518353726363
1643485567.8938406,None,6,9.159065628476084
1643485568.4579718,None,6,8.046718576195772
1643485568.6245043,None,4,6.989988876529477
1643485569.1005435,None,5,5.596218020022246
1643485569.2949617,None,10,5.088987764182425
1643485569.7170267,None,10,6.740823136818688
1643485569.9491305,None,4,8.242491657397107
1643485570.4875906,None,13,7.114571746384873
1643485570.95403,None,6,9.078976640711902
1643485571.1334243,None,6,8.230255839822025
1643485571.617916,None,8,7.357063403781979
1643485571.8219836,None,6,7.377085650723025
1643485572.1739316,None,9,6.823136818687431
1643485572.2959456,None,8,7.520578420467185
1643485572.5445735,None,6,7.8220244716351495
1643485572.607441,None,5,7.268075639599555
1643485572.805031,None,4,6.351501668520578
1643485573.1050177,None,2,5.2791991101223585
1643485573.458964,None,9,3.8409343715239155
1643485573.5305345,None,4,5.39043381535039
1643485573.675505,None,6,5.145717463848721
1643485573.7564948,None,4,5.527252502780867
1643485574.005056,None,4,5.0344827586206895
1643485574.0275476,None,4,4.556173526140156
1643485574.1979833,None,10,4.2280311457174635
1643485574.431474,None,17,6.229143492769744
1643485574.5110595,None,14,10.49833147942158
1643485574.6546164,None,8,12.70967741935484
1643485574.8570278,None,4,11.648498331479422
1643485574.936056,None,10,8.705228031145717
1643485575.1626163,None,5,8.431590656284762
1643485575.1706064,None,4,6.968854282536151
1643485575.4509974,None,5,5.690767519466074
1643485575.528016,None,6,5.183537263626251
1643485575.6171143,None,4,5.32146829810901
1643485575.8081195,None,4,4.867630700778643
1643485575.946521,None,5,4.506117908787542
1643485576.1935554,None,4,4.593993325917687
1643485576.2559822,None,4,4.372636262513905
1643485576.2995381,None,4,4.211345939933259
1643485576.42252,None,4,4.100111234705228
1643485576.5005715,None,4,4.033370411568409
1643485576.6940076,None,4,4.005561735261401
1643485576.8360565,None,4,4.0
1643485576.9290872,None,5,4.0
1643485577.462075,None,4,4.36040044493882
1643485577.5006251,None,4,4.300333704115684
1643485577.7577744,None,4,4.200222469410456
1643485577.8677423,None,4,4.100111234705228
1643485578.0425773,None,5,4.033370411568409
1643485578.3287752,None,4,4.365962180200222
1643485578.7807746,None,5,4.300333704115684
1643485578.9567673,None,4,4.560622914349278
1643485579.4707713,None,4,4.400444938820912
1643485579.7113214,None,4,4.233592880978866
1643485579.8752654,None,4,4.10567296996663
1643485579.9152908,None,4,4.033370411568409
1643485579.9553106,None,4,4.005561735261401
1643485580.054813,None,5,4.0
1643485580.0818193,None,4,4.36040044493882
1643485580.2567828,None,4,4.300333704115684
1643485580.3877656,None,4,4.200222469410456
1643485580.4877715,None,4,4.100111234705228
1643485581.3863952,None,5,4.033370411568409
1643485581.4362512,None,4,4.365962180200222
1643485581.574237,None,2,4.300333704115684
1643485581.7383976,None,5,3.4794215795328145
1643485581.9072728,None,4,3.8598442714126806
1643485581.9738061,None,4,3.9332591768631815
1643485582.0650072,None,10,4.005561735261401
1643485582.2131512,None,5,6.1957730812013345
1643485582.4447846,None,4,6.184649610678532
1643485582.7633736,None,4,5.507230255839822
1643485583.0067742,None,4,4.800889877641825
1643485583.1423903,None,4,4.300333704115684
1643485583.3008087,None,8,4.0667408231368185
1643485583.6964273,None,5,5.447163515016685
1643485584.0128672,None,4,5.561735261401557
1643485584.248828,None,4,5.101223581757509
1643485584.5972776,None,6,4.600667408231368
1643485584.8712833,None,12,4.954393770856507
1643485585.0489457,None,2,7.53948832035595
1643485585.3243191,None,4,6.087875417130144
1643485585.5319245,None,6,5.201334816462736
1643485585.801291,None,4,5.187986651835372
1643485586.108997,None,4,4.67853170189099
1643485586.2003477,None,4,4.378197997775306
1643485586.3668005,None,4,4.189098998887653
1643485586.5283594,None,4,4.0667408231368185
1643485586.6269226,None,4,4.011123470522803
1643485586.6718965,None,4,4.0
1643485586.7689226,None,5,4.0
1643485586.7768502,None,4,4.36040044493882
1643485586.7983468,None,4,4.300333704115684
1643485587.026334,None,4,4.200222469410456
1643485587.1788123,None,4,4.100111234705228
1643485587.2030022,None,5,4.033370411568409
1643485587.2102938,None,2,4.365962180200222
1643485587.3837922,None,4,3.5795328142380423
1643485587.889361,None,4,3.599555061179088
1643485590.5799851,None,5,3.699666295884316
1643485590.7590144,None,8,4.193548387096774
1643485590.9146035,None,4,5.68075639599555
1643485591.224426,None,5,5.39043381535039
1643485591.3109653,None,4,5.261401557285874
1643485591.3174636,None,4,4.734149054505005
1643485591.340421,None,4,4.339265850945495
1643485591.4443755,None,4,4.1223581757508345
1643485591.4779272,None,5,4.033370411568409
1643485591.5659022,None,6,4.365962180200222
1643485591.6369295,None,6,5.021134593993326
1643485591.840979,None,4,5.521690767519466
1643485592.0358744,None,4,5.101223581757508
1643485592.042873,None,2,4.634037819799778
1643485592.0639277,None,4,3.5517241379310343
1643485592.163383,None,5,3.4771968854282536
1643485592.201019,None,8,3.971078976640712
1643485592.2338765,None,5,5.541713014460512
1643485592.2944376,None,4,5.695216907675194
1643485592.3183918,None,4,5.190211345939933
1643485592.353528,None,4,4.634037819799778
1643485592.367428,None,5,4.239154616240267
1643485592.3989992,None,4,4.416017797552836
1643485592.4219334,None,4,4.305895439377085
1643485592.4759808,None,4,4.200222469410456
1643485592.4900253,None,4,4.100111234705228
1643485592.5095606,None,4,4.033370411568409
1643485592.5254343,None,5,4.005561735261401
1643485592.5331798,None,4,4.36040044493882
1643485592.5424757,None,2,4.300333704115684
1643485592.5603037,None,4,3.4794215795328145
1643485592.6279025,None,4,3.4994438264738594
1643485592.649951,None,4,3.6329254727474973
1643485592.6560183,None,4,3.8053392658509457
1643485592.6639209,None,6,3.9332591768631815
1643485592.694415,None,4,4.709677419354838
1643485592.7076635,None,4,4.600667408231368
1643485592.724409,None,4,4.400444938820912
1643485592.7364445,None,2,4.200222469410456
1643485592.7464483,None,4,3.3459399332591766
1643485592.7655497,None,2,3.410456062291435
1643485592.7789068,None,5,2.878754171301446
1643485592.7850633,None,2,3.5595105672969964
1643485592.7954237,None,4,3.112347052280312
1643485592.812073,None,2,3.3882091212458283
1643485592.8544033,None,4,2.9121245828698554
1643485592.8709931,None,2,3.221357063403782
1643485592.8774471,None,4,2.817575083426029
1643485592.8776252,None,4,3.1879866518353728
1643485592.9010475,None,3,3.5328142380422696
1643485593.0159478,None,4,3.42825361512792
1643485593.0613925,None,5,3.6329254727474973
1643485593.0694356,None,4,4.149054505005562
1643485593.0884514,None,4,4.200222469410456
1643485593.094436,None,4,4.166852057842047
1643485593.110995,None,5,4.0945494994438265
1643485593.1254704,None,4,4.3937708565072295
1643485593.1329646,None,4,4.305895439377085
1643485593.140071,None,8,4.200222469410456
1643485593.2345467,None,4,5.541713014460511
1643485593.3313904,None,4,5.234705228031146
1643485593.3780339,None,4,4.806451612903226
1643485593.3881176,None,4,4.400444938820912
1643485593.3970518,None,4,4.133481646273637
1643485593.4081078,None,4,4.022246941045606
1643485593.4144993,None,3,4.0
1643485593.4214466,None,4,3.639599555061179
1643485593.4269266,None,4,3.699666295884316
1643485593.437433,None,5,3.7997775305895436
1643485593.44296,None,6,4.2602892102335925
1643485593.448468,None,4,4.987764182424916
1643485593.505015,None,4,4.795328142380423
1643485593.5975811,None,4,4.50055617352614
1643485593.6834264,None,5,4.233592880978866
1643485593.6950266,None,4,4.432703003337041
1643485593.7105901,None,4,4.3114571746384875
1643485593.81343,None,4,4.200222469410456
1643485593.8202689,None,4,4.100111234705228
1643485593.8505275,None,4,4.033370411568409
1643485593.8939724,None,5,4.005561735261401
1643485593.9363577,None,4,4.36040044493882
1643485593.9419658,None,2,4.300333704115684
1643485594.1109087,None,4,3.4794215795328145
1643485594.2144244,None,4,3.4994438264738594
1643485594.2323925,None,4,3.6329254727474973
1643485594.347452,None,6,3.8053392658509457
1643485594.35855,None,4,4.654060066740823
1643485594.3644514,None,4,4.589543937708565
1643485594.4434032,None,4,4.400444938820912
1643485594.5203934,None,4,4.200222469410456
1643485594.6245522,None,5,4.0667408231368185
1643485594.6548882,None,4,4.3715239154616246
1643485594.6975093,None,4,4.300333704115684
1643485594.708075,None,4,4.200222469410456
1643485594.7172167,None,4,4.100111234705228
1643485594.7624614,None,5,4.033370411568409
1643485594.7786975,None,4,4.365962180200222
1643485594.7915995,None,2,4.300333704115684
1643485594.8436325,None,6,3.4794215795328145
1643485594.8525028,None,8,4.220244716351502
1643485594.9080968,None,5,5.6751946607341495
1643485594.9179583,None,4,5.767519466073415
1643485594.923951,None,4,5.234705228031146
1643485594.9324973,None,5,4.656284760845384
1643485594.9591439,None,4,4.605116796440489
1643485594.9691696,None,4,4.3559510567297
1643485594.9811602,None,5,4.205784204671858
1643485594.992556,None,4,4.460511679644048
1643485595.0144794,None,2,4.333704115684093
1643485595.0204644,None,4,3.4849833147942157
1643485595.0259526,None,2,3.4994438264738594
1643485595.0261877,None,4,2.9121245828698554
1643485595.0324771,None,3,3.2046718576195774
1643485595.0429795,None,4,3.1724137931034484
1643485595.0499692,None,2,3.488320355951057
1643485595.0629008,None,4,3.012235817575083
1643485595.070517,None,2,3.2880978865406005
1643485595.0775223,None,5,2.845383759733037
1643485595.1404321,None,2,3.553948832035595
1643485595.2225628,None,4,3.112347052280312
1643485595.3413894,None,3,3.3882091212458283
1643485595.356408,None,2,3.272525027808676
1643485595.372496,None,2,2.8008898776418243
1643485595.3845186,None,4,2.417130144605117
1643485595.4191248,None,3,2.8876529477196886
1643485595.4390032,None,2,3.0055617352614012
1643485595.4451003,None,2,2.7063403781979978
1643485595.4625,None,2,2.4004449388209124
1643485595.469986,None,4,2.1668520578420467
1643485595.4754589,None,7,2.765294771968854
1643485595.667959,None,4,4.4082313681868746
1643485595.6930552,None,2,4.622914349276974
1643485595.767438,None,2,3.8020022246941045
1643485595.77715,None,2,2.967741935483871
1643485595.7824774,None,2,2.378197997775306
1643485595.8999279,None,4,2.0945494994438265
1643485595.9554603,None,2,2.731924360400445
1643485595.9854681,None,4,2.6006674082313683
1643485595.9971087,None,2,3.1212458286985543
1643485596.0399709,None,2,2.8008898776418243
1643485596.047958,None,2,2.467185761957731
1643485596.1409907,None,6,2.2113459399332593
1643485596.1664798,None,2,3.5083426028921023
1643485596.1725154,None,4,3.2124582869855396
1643485596.1851056,None,2,3.521690767519466
1643485596.245075,None,2,3.0011123470522802
1643485596.277986,None,2,2.5339265850945494
1643485596.28849,None,3,2.2224694104560623
1643485596.2939594,None,2,2.4271412680756397
1643485596.317114,None,2,2.311457174638487
1643485596.40616,None,2,2.200222469410456
1643485596.4285202,None,2,2.100111234705228
1643485596.5114295,None,4,2.0333704115684093
1643485596.5304666,None,2,2.7263626251390436
1643485596.5359955,None,4,2.6006674082313683
1643485596.587576,None,2,3.1212458286985543
1643485596.6919656,None,2,2.8008898776418243
1643485596.7164783,None,4,2.467185761957731
1643485596.771435,None,2,2.9321468298109012
1643485597.0795326,None,2,2.667408231368187
1643485597.0915678,None,5,2.4115684093437153
1643485597.1071348,None,2,3.2814238042269186
1643485597.1600482,None,2,2.967741935483871
1643485597.1746864,None,2,2.6117908787541713
1643485597.1815553,None,2,2.300333704115684
1643485597.1816666,None,2,2.100111234705228
1643485597.1871276,None,2,2.0166852057842046
1643485597.1944902,None,3,2.0
1643485597.217446,None,2,2.3604004449388207
1643485597.222962,None,4,2.300333704115684
1643485597.2299507,None,2,2.921023359288098
1643485597.2354743,None,3,2.700778642936596
1643485597.3250387,None,2,2.7942157953281423
1643485597.3675272,None,4,2.506117908787542
1643485597.3880408,None,3,2.9877641824249164
1643485597.3990283,None,2,3.07230255839822
1643485597.405059,None,2,2.734149054505006
1643485597.4125414,None,4,2.4060066740823136
1643485597.4315038,None,2,2.8876529477196886
1643485597.4390426,None,4,2.6451612903225805
1643485597.4754796,None,2,3.1268075639599555
1643485597.482492,None,4,2.8008898776418243
1643485597.5004985,None,6,3.1879866518353728
1643485597.5114965,None,3,4.253615127919911
1643485597.5305283,None,4,4.028921023359288
1643485597.5454812,None,4,4.033370411568409
1643485597.5535111,None,4,3.9888765294771966
1643485597.5990677,None,4,3.9666295884315907
1643485597.606181,None,6,3.977753058954394
1643485597.6224995,None,6,4.71523915461624
1643485597.6768079,None,4,5.32146829810901
1643485597.6827788,None,4,5.00111234705228
1643485597.720467,None,4,4.600667408231368
1643485597.7280204,None,4,4.266963292547275
1643485597.7605612,None,4,4.077864293659622
1643485597.7607343,None,5,4.011123470522803
1643485597.7905178,None,4,4.36040044493882
1643485597.7984774,None,4,4.300333704115684
1643485597.886065,None,2,4.200222469410456
1643485597.923031,None,4,3.379310344827586
1643485597.9374423,None,4,3.432703003337041
1643485597.97201,None,4,3.6051167964404893
1643485597.9881094,None,5,3.7997775305895436
1643485598.0062063,None,4,4.293659621802002
1643485598.133019,None,4,4.289210233592881
1643485598.2051642,None,5,4.200222469410456
1643485598.283046,None,4,4.460511679644048
1643485598.2832098,None,4,4.333704115684093
1643485598.2832973,None,10,4.205784204671858
1643485598.2833743,None,5,6.262513904338153
1643485598.2834742,None,4,6.1957730812013345
1643485598.2835338,None,4,5.507230255839822
1643485598.2835894,None,4,4.800889877641825
1643485598.2836442,None,4,4.300333704115684
1643485598.2836993,None,4,4.0667408231368185
1643485598.2838137,None,4,4.005561735261401
1643485598.2838829,None,5,4.0
1643485598.2839391,None,4,4.36040044493882
1643485598.2839956,None,4,4.300333704115684
1643485598.2840927,None,4,4.200222469410456
1643485598.2841513,None,4,4.100111234705228
1643485598.3410814,None,4,4.033370411568409
1643485598.4340084,None,5,4.005561735261401
1643485598.441043,None,4,4.36040044493882
1643485598.4882755,None,8,4.300333704115684
1643485598.5229533,None,5,5.64182424916574
1643485598.5309873,None,4,5.661846496106785
1643485598.5400624,None,4,5.134593993325918
1643485598.5870762,None,4,4.60622914349277
1643485598.659612,None,4,4.233592880978866
1643485598.6700149,None,3,4.055617352614016
1643485598.7640307,None,4,3.6451612903225805
1643485598.7709737,None,4,3.699666295884316
1643485598.7800574,None,4,3.7997775305895436
1643485598.8105872,None,4,3.8998887652947722
1643485598.8406568,None,4,3.9666295884315907
1643485598.9030457,None,4,3.9944382647385988
1643485598.973562,None,5,4.0
1643485599.0171387,None,4,4.36040044493882
1643485599.0566585,None,5,4.300333704115684
1643485599.1821148,None,4,4.560622914349278
1643485599.2140064,None,4,4.400444938820912
1643485599.2429595,None,5,4.233592880978866
1643485599.2591639,None,4,4.46607341490545
1643485599.2735188,None,4,4.333704115684093
1643485599.2800624,None,4,4.205784204671858
1643485599.291541,None,2,4.100111234705228
1643485599.3149884,None,4,3.3125695216907673
1643485599.3217523,None,4,3.404894327030033
1643485599.4709957,None,6,3.599555061179088
1643485599.4784682,None,4,4.520578420467185
1643485599.6485674,None,4,4.533926585094549
1643485599.7051423,None,5,4.3893214682981085
1643485599.744542,None,4,4.560622914349278
1643485599.7447255,None,4,4.367074527252503
1643485599.9145002,None,4,4.211345939933259
1643485599.9280748,None,5,4.100111234705228
1643485600.0770574,None,4,4.3937708565072295
1643485600.156277,None,5,4.305895439377085
1643485600.177057,None,4,4.560622914349278
1643485600.2010326,None,4,4.400444938820912
1643485600.235675,None,4,4.233592880978866
1643485600.2675734,None,2,4.10567296996663
1643485600.3601553,None,4,3.3125695216907673
1643485600.3686059,None,4,3.404894327030033
1643485600.402607,None,9,3.599555061179088
1643485600.4096007,None,12,5.601779755283648
1643485600.415961,None,4,8.318131256952169
1643485600.4881718,None,4,7.392658509454949
1643485600.5076256,None,4,6.102335928809788
1643485600.5171218,None,4,4.967741935483871
1643485600.523586,None,4,4.294771968854283
1643485600.5360572,None,4,4.044493882091213
1643485600.580119,None,5,4.0
1643485600.6425958,None,4,4.36040044493882
1643485600.6845536,None,5,4.300333704115684
1643485600.6847336,None,4,4.560622914349278
1643485600.6910765,None,10,4.400444938820912
1643485600.7095401,None,2,6.395995550611791
1643485600.7370815,None,4,5.186874304783092
1643485600.7445252,None,4,4.634037819799778
1643485600.7447047,None,4,4.205784204671858
1643485600.7540157,None,7,4.0
1643485600.782585,None,4,5.047830923248053
1643485600.797999,None,4,4.889877641824249
1643485600.8573587,None,4,4.600667408231368
1643485600.8576746,None,4,4.300333704115684
1643485600.8577673,None,4,4.100111234705228
1643485600.8660514,None,5,4.016685205784205
1643485600.8795755,None,4,4.36040044493882
1643485600.8955328,None,5,4.300333704115684
1643485600.9030838,None,4,4.560622914349278
1643485600.9194665,None,4,4.400444938820912
1643485600.9305854,None,4,4.233592880978866
1643485600.9429898,None,2,4.10567296996663
1643485600.96307,None,4,3.3125695216907673
1643485600.9707668,None,5,3.404894327030033
1643485601.0071065,None,4,3.959955506117909
1643485601.0140073,None,4,4.100111234705228
1643485601.0320587,None,4,4.133481646273637
1643485601.044015,None,4,4.088987764182425
1643485601.0640674,None,4,4.033370411568409
1643485601.0790212,None,4,4.005561735261401
1643485601.0866187,None,4,4.0
1643485601.106596,None,4,4.0
1643485601.112552,None,5,4.0
1643485601.112763,None,6,4.36040044493882
1643485601.1385422,None,9,5.021134593993326
1643485601.1630032,None,4,6.602892102335929
1643485601.202552,None,16,6.0022246941045605
1643485601.2453117,None,2,9.559510567296996
1643485601.2540405,None,5,7.456062291434928
1643485601.306562,None,4,6.340378197997776
1643485601.314084,None,4,5.129032258064516
1643485601.385071,None,4,4.400444938820912
1643485601.4063065,None,4,4.100111234705228
1643485601.4411988,None,6,4.022246941045606
1643485601.4860463,None,4,4.726362625139043
1643485601.502014,None,5,4.600667408231368
1643485601.5105162,None,4,4.760845383759733
1643485601.520592,None,6,4.500556173526141
1643485601.5207517,None,4,4.987764182424916
1643485601.5632274,None,4,4.7119021134593995
1643485601.5830057,None,4,4.433815350389321
1643485601.589111,None,5,4.205784204671858
1643485601.6086574,None,5,4.427141268075639
1643485601.616686,None,2,4.671857619577308
1643485601.6371088,None,4,3.7797552836484987
1643485601.6576233,None,4,3.699666295884316
1643485601.6645389,None,4,3.733036707452725
1643485601.6730485,None,4,3.838709677419355
1643485601.7041466,None,5,3.9388209121245827
1643485601.7235954,None,4,4.349276974416018
1643485601.7325764,None,4,4.300333704115684
1643485601.7327576,None,4,4.200222469410456
1643485601.8073795,None,4,4.100111234705228
1643485601.8251169,None,4,4.033370411568409
1643485601.8310926,None,4,4.005561735261401
1643485601.9091072,None,5,4.0
1643485601.945743,None,4,4.36040044493882
1643485602.0211024,None,4,4.300333704115684
1643485602.041213,None,5,4.200222469410456
1643485602.0646522,None,2,4.460511679644048
1643485602.097422,None,4,3.6129032258064515
1643485602.1082861,None,5,3.6051167964404893
1643485602.1281095,None,4,4.060066740823137
1643485602.150021,None,4,4.060066740823137
1643485602.1501663,None,3,4.133481646273638
1643485602.1502204,None,4,3.778642936596218
1643485602.15026,None,8,3.788654060066741
1643485602.1502945,None,5,5.274749721913237
1643485602.150342,None,4,5.467185761957731
1643485602.150394,None,4,5.067853170189099
1643485602.1504333,None,4,4.595105672969966
1643485602.1504703,None,4,4.233592880978866
1643485602.1505065,None,4,4.055617352614016
1643485602.1505415,None,4,4.005561735261401
1643485602.1505759,None,4,4.0
1643485602.1508095,None,4,4.0
1643485602.1509206,None,3,4.0
1643485602.1510172,None,5,3.639599555061179
1643485602.1511128,None,4,4.060066740823137
1643485602.1512086,None,4,4.100111234705228
1643485602.1513045,None,4,4.100111234705228
1643485602.151422,None,4,4.0667408231368185
1643485602.1515157,None,4,4.027808676307008
1643485602.1516101,None,5,4.005561735261401
1643485602.1516964,None,4,4.36040044493882
1643485602.151742,None,4,4.300333704115684
1643485602.1518064,None,4,4.200222469410456
1643485602.1518703,None,6,4.100111234705228
1643485602.1519501,None,4,4.754171301446051
1643485602.152131,None,9,3.319243604004449
1643485602.1522253,None,4,5.101223581757508
1643485602.152319,None,2,4.967741935483871
1643485602.1524303,None,4,3.9911012235817576
1643485602.1525059,None,5,3.7997775305895436
1643485602.15255,None,5,4.110122358175751
1643485602.1525857,None,4,4.488320355951057
1643485602.1526678,None,4,4.433815350389321
1643485602.152786,None,4,4.289210233592881
1643485602.1529655,None,4,4.133481646273637
1643485602.1530612,None,4,4.038932146829811
1643485602.1531549,None,4,4.005561735261401
1643485602.1532848,None,5,4.0
1643485602.1535273,None,4,4.36040044493882
1643485602.1535735,None,4,4.300333704115684
1643485602.1538575,None,4,4.200222469410456
1643485602.1539528,None,4,4.100111234705228
1643485602.1540456,None,4,4.033370411568409
1643485602.1541471,None,7,4.005561735261401
1643485602.154253,None,4,5.081201334816463
1643485602.154362,None,4,4.9010011123470525
1643485602.15446,None,5,4.600667408231368
1643485602.1545568,None,4,4.660734149054505
1643485602.1546543,None,4,4.400444938820912
1643485602.154752,None,5,4.216907675194661
1643485602.1548634,None,4,4.460511679644048
1643485602.1549628,None,4,4.333704115684093
1643485602.1550584,None,4,4.205784204671858
1643485602.1551554,None,4,4.100111234705228
1643485602.1552513,None,4,4.033370411568409
1643485602.1553621,None,5,4.005561735261401
1643485602.1554608,None,4,4.36040044493882
1643485602.1555579,None,4,4.300333704115684
1643485602.1556525,None,4,4.200222469410456
1643485602.1557474,None,2,4.100111234705228
1643485602.1558588,None,5,3.3125695216907673
1643485602.1559463,None,4,3.765294771968854
1643485602.1559885,None,4,3.8998887652947722
1643485602.156023,None,5,4.0
1643485602.1560562,None,4,4.3937708565072295
1643485602.156088,None,4,4.32258064516129
1643485602.1561208,None,4,4.205784204671858
1643485602.1561544,None,5,4.100111234705228
1643485602.156236,None,4,4.3937708565072295
1643485602.1563497,None,4,4.305895439377085
1643485602.1564596,None,4,4.200222469410456
1643485602.156563,None,4,4.100111234705228
1643485602.1566577,None,4,4.033370411568409
1643485602.1567543,None,4,4.005561735261401
1643485602.1568656,None,4,4.0
1643485602.1570518,None,3,4.0
1643485602.15715,None,4,3.639599555061179
1643485602.1572459,None,4,3.699666295884316
1643485602.157357,None,4,3.7997775305895436
1643485602.1575205,None,4,3.8998887652947722
1643485602.1576402,None,5,3.9666295884315907
1643485602.157702,None,4,4.35483870967742
1643485602.1577575,None,6,4.300333704115684
1643485602.1577973,None,4,4.921023359288098
1643485602.1578608,None,9,4.700778642936596
1643485602.1579142,None,4,6.235817575083425
1643485602.1579537,None,4,5.7074527252502785
1643485602.1579885,None,4,5.067853170189099
1643485602.1580768,None,4,4.511679644048943
1643485602.1581726,None,5,4.166852057842047
1643485602.1582646,None,4,4.388209121245829
1643485602.158362,None,2,4.300333704115684
1643485602.1584537,None,4,3.4794215795328145
1643485602.1585448,None,4,3.4994438264738594
1643485602.1586366,None,4,3.6329254727474973
1643485602.1587276,None,4,3.8053392658509457
1643485602.15882,None,5,3.9332591768631815
1643485602.1589258,None,5,4.349276974416018
1643485602.1590183,None,4,4.660734149054505
1643485602.1591105,None,4,4.500556173526141
1643485602.1592026,None,4,4.300333704115684
1643485602.159294,None,5,4.133481646273637
1643485602.159397,None,4,4.399332591768632
1643485602.1594856,None,4,4.305895439377085
1643485602.1595783,None,4,4.200222469410456
1643485602.159671,None,4,4.100111234705228
1643485602.1597672,None,4,4.033370411568409
1643485602.1598625,None,3,4.005561735261401
1643485602.1599562,None,4,3.639599555061179
1643485602.1600494,None,4,3.699666295884316
1643485602.160261,None,4,3.7997775305895436
1643485602.160368,None,4,3.8998887652947722
1643485602.1604688,None,4,3.9666295884315907
1643485602.160563,None,4,3.9944382647385988
1643485602.1606543,None,5,4.0
1643485602.1607466,None,5,4.36040044493882
1643485602.1608515,None,4,4.660734149054505
1643485602.161018,None,4,4.500556173526141
1643485602.1610992,None,4,4.300333704115684
1643485602.1611915,None,4,4.133481646273637
1643485602.1612847,None,4,4.038932146829811
1643485602.1613722,None,5,4.005561735261401
1643485602.1614597,None,4,4.36040044493882
1643485602.1615496,None,2,4.300333704115684
1643485602.1616404,None,4,3.4794215795328145
1643485602.161731,None,4,3.4994438264738594
1643485602.1618247,None,8,3.6329254727474973
1643485602.16193,None,5,5.2469410456062295
1643485602.1620212,None,4,5.494994438264738
1643485602.1621125,None,4,5.0901001112347055
1643485602.1622038,None,4,4.600667408231368
1643485602.1622958,None,5,4.233592880978866
1643485602.162397,None,4,4.416017797552836
1643485602.162488,None,4,4.305895439377085
1643485602.1625803,None,5,4.200222469410456
1643485602.1626713,None,4,4.460511679644048
1643485602.162763,None,4,4.333704115684093
1643485602.1628609,None,4,4.205784204671858
1643485602.1629524,None,4,4.100111234705228
1643485602.1630433,None,2,4.033370411568409
1643485602.1631339,None,4,3.28476084538376
1643485602.163226,None,5,3.3993325917686317
1643485602.1633182,None,6,3.959955506117909
1643485602.1634252,None,4,4.82091212458287
1643485602.163517,None,4,4.734149054505005
1643485602.163608,None,4,4.489432703003337
1643485602.1636994,None,4,4.233592880978866
1643485602.1637902,None,5,4.072302558398221
1643485602.1638844,None,5,4.3715239154616246
1643485602.1639755,None,4,4.660734149054505
1643485602.164067,None,4,4.500556173526141
1643485602.164158,None,4,4.300333704115684
1643485602.1642494,None,4,4.133481646273637
1643485602.164351,None,4,4.038932146829811
1643485602.1644442,None,5,4.005561735261401
1643485602.1645343,None,2,4.36040044493882
1643485602.164626,None,4,3.5795328142380423
1643485602.164717,None,4,3.599555061179088
1643485602.1648083,None,4,3.699666295884316
1643485602.164987,None,4,3.8331479421579537
1643485602.1650348,None,5,3.9388209121245827
1643485602.1651156,None,4,4.349276974416018
1643485602.1652064,None,4,4.300333704115684
1643485602.1652975,None,4,4.200222469410456
1643485602.1653976,None,4,4.100111234705228
1643485602.1654894,None,5,4.033370411568409
1643485602.1655838,None,4,4.365962180200222
1643485602.1656775,None,9,4.300333704115684
1643485602.1657689,None,4,6.0022246941045605
1643485602.1658626,None,4,5.601779755283649
1643485602.1659546,None,4,5.0344827586206895
1643485602.1660454,None,3,4.506117908787542
1643485602.1661367,None,4,3.806451612903226
1643485602.1662283,None,6,3.727474972191324
1643485602.1663198,None,6,4.520578420467185
1643485602.166425,None,6,5.221357063403781
1643485602.1665173,None,7,5.6885428253615125
1643485602.1666095,None,6,6.276974416017797
1643485602.166701,None,6,6.289210233592881
1643485602.1667926,None,6,6.2002224694104555
1643485602.1668866,None,6,6.100111234705228
1643485602.1669793,None,7,6.033370411568409
1643485602.1670713,None,7,6.365962180200222
1643485602.1671631,None,6,6.6607341490545044
1643485602.167255,None,6,6.500556173526141
1643485602.1673582,None,6,6.300333704115683
1643485602.167451,None,6,6.133481646273637
1643485602.1675425,None,4,6.0389321468298105
1643485602.1676352,None,6,5.284760845383759
1643485602.167728,None,7,5.399332591768632
1643485602.1678205,None,6,5.959955506117909
1643485602.1679258,None,6,6.100111234705228
1643485602.168018,None,6,6.133481646273637
1643485602.1681101,None,6,6.088987764182424
1643485602.1682022,None,6,6.033370411568409
1643485602.168294,None,6,6.0055617352614
1643485602.168388,None,7,6.0
1643485602.16848,None,6,6.36040044493882
1643485602.1685722,None,6,6.300333704115683
1643485602.168665,None,7,6.2002224694104555
1643485602.1687574,None,6,6.460511679644049
1643485602.1688616,None,6,6.3337041156840925
1643485602.169172,None,9,6.205784204671858
1643485602.1692631,None,4,7.18131256952169
1643485602.1693094,None,6,6.213570634037819
1643485602.169624,None,6,6.005561735261401
1643485602.1697297,None,6,5.899888765294771
1643485602.1698248,None,6,5.899888765294771
1643485602.169934,None,7,5.949944382647385
1643485602.1700304,None,10,6.349276974416018
1643485602.1701236,None,6,7.741935483870967
1643485602.1702154,None,6,7.401557285873192
1643485602.1703076,None,6,6.901001112347052
1643485602.1704133,None,6,6.43381535038932
1643485602.1705055,None,7,6.139043381535039
1643485602.170597,None,6,6.382647385984427
1643485602.170689,None,7,6.300333704115683
1643485602.1707811,None,6,6.560622914349277
1643485602.1708684,None,6,6.400444938820912
1643485602.1709576,None,4,6.233592880978865
1643485602.1710503,None,7,5.3848720800889875
1643485602.1711438,None,6,5.793103448275862
1643485602.1712348,None,6,5.905450500556173
1643485602.1713402,None,6,6.0
1643485602.171434,None,6,6.033370411568409
1643485602.1715257,None,6,6.022246941045606
1643485602.1716182,None,6,6.0055617352614
